k,avg_runtime,avg_memory,avg_iterations,mse_mean,mse_std
2,1.385502290725708,191.434375,14.6,0.03206917602224996,0.0
5,3.10216064453125,282.25625,56.2,0.009684592071531172,0.0002144656043832197
10,7.214876556396485,317.446875,87.2,0.004957974280947796,8.079323129030868e-05
20,15.13097095489502,515.015625,100.0,0.002677963985736637,5.569258862954592e-05
50,37.41126203536987,909.421875,100.0,0.0013039353063242845,1.8616540743199806e-05
